pdf_file_name,this_quarter_total_income,previous_quarter_total_income,same_quarter_last_year_total_income,this_quarter_other_income,previous_quarter_other_income,same_quarter_last_year_other_income,this_quarter_expenses,previous_quarter_expenses,same_quarter_last_year_expenses,this_quarter_comprehensive_income,previous_quarter_comprehensive_income,same_quarter_last_year_comprehensive_income
106_TRANSINDIA_30012026201306_FinalOutcomeSigned.pdf,25.85,28.07,26.37,4.79,7.93,3.34,15.54,16.12,13.29,10.89,8.88,8.84
112_GAEL_30012026200722_Outcome_of_Board_Meeting.pdf,1516.54,1505.87,1139.87,32.37,19.18,8.99,1423.68,1455.08,1042.67,66.68,37.07,71.29
112_GAEL_30012026200722_Outcome_of_Board_Meeting.pdf,1516.56,1505.87,1140.26,66.82,37.13,71.79,66.82,37.13,71.79,66.82,37.13,71.79
113_GLENMARK_30012026200549_BSE_NSE_RESULT_30012026.pdf,24689.91,18244.16,23804.69,317.04,3191.28,424.4,19453.91,17989.88,18209.79,2840.1,-7538.09,4132.73
113_GLENMARK_30012026200549_BSE_NSE_RESULT_30012026.pdf,-3,-3,-3,-3,-3,-3,-3,-3,-3,-3,-3,-3
114_TRANSINDIA_30012026200512_FinalOutcomeSigned.pdf,25.85,28.07,26.37,4.79,7.93,3.34,15.54,16.12,13.29,10.89,8.88,8.84
119_SAIL_30012026195902_RESULTS.pdf,27545.93,26910.04,24723.43,174.51,205.87,233.52,27139.86,26113.64,24560.47,192.37,440.28,183.95
119_SAIL_30012026195902_RESULTS.pdf,27371.39,26703.94,24489.63,1.78,2.55,1.25,1.78,2.55,1.25,1.78,2.55,1.25
120_TRANSINDIA_30012026195913_FinalOutcomeSigned.pdf,25.85,28.07,26.37,4.79,7.93,3.34,15.54,16.12,13.29,10.89,8.88,8.84
124_TRANSINDIA_30012026194650_FinalOutcomeSigned.pdf,25.85,28.07,26.37,4.79,7.93,3.34,15.54,16.12,13.29,10.89,8.88,8.84
133_SAIL_30012026194537_RESULTS.pdf,27545.93,26910.04,24723.43,174.51,205.87,233.52,27139.86,26113.64,24560.47,192.37,440.28,183.95
133_SAIL_30012026194537_RESULTS.pdf,27371.39,26703.94,24489.63,1.78,2.55,1.25,1.78,2.55,1.25,1.78,2.55,1.25
137_GAEL_30012026194159_Outcome_of_Board_Meeting.pdf,1516.54,1505.87,1139.87,32.37,19.18,8.99,1423.68,1455.08,1042.67,66.68,37.07,71.29
137_GAEL_30012026194159_Outcome_of_Board_Meeting.pdf,1516.56,1505.87,1140.26,66.82,37.13,71.79,66.82,37.13,71.79,66.82,37.13,71.79
142_SERVOTECH_30012026193709_NSEfinal__3_.pdf,1551.5,39.51,918.94,46.73,116.26,53.41,19126.08,10712.76,20400.68,1551.5,39.51,918.94
147_SERVOTECH_30012026192923_NSEfinal__3_.pdf,1551.5,39.51,918.94,46.73,116.26,53.41,19126.08,10712.76,20400.68,1551.5,39.51,918.94
154_RPOWER_30012026192642_OutcomeBM30012026FSSMP.pdf,194978.0,206710.0,215944.0,7694.0,9307.0,30660.0,184965.0,195890.0,210956.0,2346.0,8469.0,3864.0
158_RPOWER_30012026192205_OutcomeBM30012026FSSMP.pdf,194978.0,206710.0,215944.0,7694.0,9307.0,30660.0,184965.0,195890.0,210956.0,2346.0,8469.0,3864.0
189_SUBROS_30012026185308_Outcome30012026.pdf,95325.0,89934.0,82577.0,557.0,1951.0,479.0,90068.0,84485.0,77997.0,3511.0,4057.0,3250.0
190_AWHCLP_30012026184909_AWHCLFinancialResultsQ3FY26.pdf,26932.39,26409.13,24920.01,688.52,644.08,646.46,26622.89,24391.86,22384.94,1722.16,1727.27,1776.0
192_ASTERDM2_30012026185045_BoD_Outcome.pdf,-2,1213.73,1225.46,-2,27.97,28.25,-2,1073.64,1044.25,1011.0,56.6,121.52
192_ASTERDM2_30012026185045_BoD_Outcome.pdf,nan,nan,nan,nan,nan,nan,nan,nan,nan,nan,nan,nan
199_MANAKSIA_30012026184712_Outcome30012026.pdf,-3,-3,-3,-3,-3,-3,-3,-3,-3,-3,-3,-3
202_SUBROS_30012026184713_Outcome30012026.pdf,95325.0,89934.0,82577.0,557.0,1951.0,479.0,90068.0,84485.0,77997.0,3511.0,4057.0,3250.0
20_Samhi_30012026230105_ResultAdvertisement_Dec25.pdf,3418.97,2963.35,2941.22,2.15,4.47,1.02,2.15,4.47,1.02,480.55,995.91,226.56
216_BLUEDART_30012026183917_UFR-31Dec2025.pdf,162665.0,155892.0,152365.0,1049.0,959.0,1196.0,150376.0,144962.0,141439.0,8413.0,8138.0,7451.0
216_BLUEDART_30012026183917_UFR-31Dec2025.pdf,162665.0,155892.0,152365.0,1049.0,959.0,1196.0,150376.0,144962.0,141439.0,8413.0,8138.0,7451.0
217_ASTERDM2_30012026183901_BoD_Outcome.pdf,-2,1213.73,1225.46,-2,27.97,28.25,-2,1073.64,1044.25,1011.0,56.6,121.52
217_ASTERDM2_30012026183901_BoD_Outcome.pdf,nan,nan,nan,nan,nan,nan,nan,nan,nan,nan,nan,nan
218_CONTROLPR_30012026183909_Intimation_Newspaper_sd.pdf,11215.02,10066.32,9509.22,10.06,12.44,8.47,10.06,12.44,8.47,10.06,12.44,8.47
220_TRIVENI_30012026183817_TEIL_OUTCOME_BM_DEC25.pdf,6865.58,6865.58,6865.58,57.64,57.64,57.64,6541.44,6541.44,6541.44,231.62,231.62,231.62
220_TRIVENI_30012026183817_TEIL_OUTCOME_BM_DEC25.pdf,nan,nan,nan,nan,nan,nan,nan,nan,nan,nan,nan,nan
220_TRIVENI_30012026183817_TEIL_OUTCOME_BM_DEC25.pdf,nan,nan,nan,nan,nan,nan,nan,nan,nan,nan,nan,nan
221_SUBROS_30012026183625_Outcome30012026.pdf,95325.0,89934.0,82577.0,557.0,1951.0,479.0,90068.0,84485.0,77997.0,3511.0,4057.0,3250.0
230_NIACL_30012026183059_AccountsQ3FY26.pdf,1142864.0,1233969.0,1022968.0,-2,-2,-2,1151156.0,1301159.0,1052186.0,nan,nan,nan
232_TRIVENI_30012026183329_TEIL_OUTCOME_BM_DEC25.pdf,6865.58,6865.58,6865.58,57.64,57.64,57.64,6541.44,6541.44,6541.44,231.62,231.62,231.62
232_TRIVENI_30012026183329_TEIL_OUTCOME_BM_DEC25.pdf,nan,nan,nan,nan,nan,nan,nan,nan,nan,nan,nan,nan
232_TRIVENI_30012026183329_TEIL_OUTCOME_BM_DEC25.pdf,nan,nan,nan,nan,nan,nan,nan,nan,nan,nan,nan,nan
242_ASTERDM2_30012026183137_BoD_Outcome.pdf,-2,1213.73,1225.46,-2,27.97,28.25,-2,1073.64,1044.25,1011.0,56.6,121.52
242_ASTERDM2_30012026183137_BoD_Outcome.pdf,nan,nan,nan,nan,nan,nan,nan,nan,nan,nan,nan,nan
243_MANAKSIA_30012026183154_Outcome30012026.pdf,-3,-3,-3,-3,-3,-3,-3,-3,-3,-3,-3,-3
253_NIACL_30012026182604_AccountsQ3FY26.pdf,1142864.0,1233969.0,1022968.0,-2,-2,-2,1151156.0,1301159.0,1052186.0,nan,nan,nan
270_TFCILTD_30012026180938_TFCIBMOutcome3012026Signed.pdf,7059.0,6648.53,6414.05,-2,-2,-2,3025.34,2992.0,3260.9,3193.14,3248.0,2269.63
272_MEDPLUS_30012026180954_BMOutcome.pdf,18243.59,16967.98,15739.62,182.41,174.69,125.16,17510.72,16278.63,15173.62,577.88,555.02,458.7
283_BLUEDART_30012026180452_UFR-31Dec2025.pdf,162665.0,155892.0,152365.0,1049.0,959.0,1196.0,150376.0,144962.0,141439.0,8413.0,8138.0,7451.0
283_BLUEDART_30012026180452_UFR-31Dec2025.pdf,162665.0,155892.0,152365.0,1049.0,959.0,1196.0,150376.0,144962.0,141439.0,8413.0,8138.0,7451.0
300_CCCL_30012026180151_CCCLOUTCOM_O_BOAR_MEETING30012026.pdf,nan,nan,nan,nan,nan,nan,nan,nan,nan,nan,nan,nan
302_ASTEC_30012026180311_BSENSEBMOUTCOME30012026.pdf,7483.62,7483.62,7483.62,111.56,111.56,111.56,9924.36,9924.36,9924.36,-68.71,-68.71,-68.71
303_ASTEC_30012026180330_BSENSEBMOUTCOME30012026.pdf,7483.62,7483.62,7483.62,111.56,111.56,111.56,9924.36,9924.36,9924.36,-68.71,-68.71,-68.71
304_TRIVENI_30012026180241_TEIL_OUTCOME_BM_DEC25.pdf,6865.58,6865.58,6865.58,57.64,57.64,57.64,6541.44,6541.44,6541.44,231.62,231.62,231.62
304_TRIVENI_30012026180241_TEIL_OUTCOME_BM_DEC25.pdf,nan,nan,nan,nan,nan,nan,nan,nan,nan,nan,nan,nan
304_TRIVENI_30012026180241_TEIL_OUTCOME_BM_DEC25.pdf,nan,nan,nan,nan,nan,nan,nan,nan,nan,nan,nan,nan
306_TFCILTD_30012026175815_TFCIBMOutcome3012026Signed.pdf,7059.0,6648.53,6414.05,-2,-2,-2,3025.34,2992.0,3260.9,3193.14,3248.0,2269.63
311_TRIVENI_30012026175727_TEIL_OUTCOME_BM_DEC25.pdf,6865.58,6865.58,6865.58,57.64,57.64,57.64,6541.44,6541.44,6541.44,231.62,231.62,231.62
311_TRIVENI_30012026175727_TEIL_OUTCOME_BM_DEC25.pdf,nan,nan,nan,nan,nan,nan,nan,nan,nan,nan,nan,nan
311_TRIVENI_30012026175727_TEIL_OUTCOME_BM_DEC25.pdf,nan,nan,nan,nan,nan,nan,nan,nan,nan,nan,nan,nan
313_TATAINVEST_30012026175510_TICL_Quick_results_30012026.pdf,60.8,154.34,3.8,2.88,0.36,0.09,11.26,11.4,9.48,1207.98,-2942.1,-2800.64
314_lakshmits_30012026175826_OUTCOME.pdf,8008.68,7613.42,6836.6,110.47,122.04,103.62,6273.54,6048.77,5372.02,nan,nan,nan
318_RAHULBS35_30012026175628_IntimationForOutcomeOfBM.pdf,59570.43,57434.29,50732.65,351.01,643.23,621.27,51351.11,49251.72,43436.71,6123.29,5976.09,5410.74
318_RAHULBS35_30012026175628_IntimationForOutcomeOfBM.pdf,41518.24,42116.25,39914.16,41518.24,42116.25,39914.16,41518.24,42116.25,39914.16,41518.24,42116.25,39914.16
326_RAHULBS35_30012026175155_IntimationForOutcomeOfBM.pdf,59570.43,57434.29,50732.65,351.01,643.23,621.27,51351.11,49251.72,43436.71,6123.29,5976.09,5410.74
326_RAHULBS35_30012026175155_IntimationForOutcomeOfBM.pdf,41518.24,42116.25,39914.16,41518.24,42116.25,39914.16,41518.24,42116.25,39914.16,41518.24,42116.25,39914.16
331_ASTEC_30012026174919_BSENSEBMOUTCOME30012026.pdf,7483.62,7483.62,7483.62,111.56,111.56,111.56,9924.36,9924.36,9924.36,-68.71,-68.71,-68.71
336_ASTEC_30012026174532_BSENSEBMOUTCOME30012026.pdf,7483.62,7483.62,7483.62,111.56,111.56,111.56,9924.36,9924.36,9924.36,-68.71,-68.71,-68.71
342_MEESHO_30012026174011_MLOutcomeofBM30Jan2026.pdf,35964.14,32549.12,28486.02,738.16,1812.4,1699.61,40712.97,35404.39,28227.81,-4924.36,-4091.81,-380.75
345_RAHULBS35_30012026174021_IntimationForOutcomeOfBM.pdf,59570.43,57434.29,50732.65,351.01,643.23,621.27,51351.11,49251.72,43436.71,6123.29,5976.09,5410.74
345_RAHULBS35_30012026174021_IntimationForOutcomeOfBM.pdf,41518.24,42116.25,39914.16,41518.24,42116.25,39914.16,41518.24,42116.25,39914.16,41518.24,42116.25,39914.16
351_MAITHANALL_30012026173237_Q3UFR.pdf,565.8,337.36,628.15,75.52,-153.46,97.06,444.28,478.59,514.42,92.79,-118.97,90.35
352_MEESHO_30012026173517_MLOutcomeofBM30Jan2026.pdf,35964.14,32549.12,28486.02,738.16,1812.4,1699.61,40712.97,35404.39,28227.81,-4924.36,-4091.81,-380.75
359_RAHULBS35_30012026172842_IntimationForOutcomeOfBM.pdf,59570.43,57434.29,50732.65,351.01,643.23,621.27,51351.11,49251.72,43436.71,6123.29,5976.09,5410.74
359_RAHULBS35_30012026172842_IntimationForOutcomeOfBM.pdf,41518.24,42116.25,39914.16,41518.24,42116.25,39914.16,41518.24,42116.25,39914.16,41518.24,42116.25,39914.16
361_RAVIDAMLE_30012026172420_KCLResults31122025.pdf,17812.85,17457.31,16070.54,50.59,66.91,45.12,17220.76,16399.82,16635.42,87.38,-14.43,-252.03
371_ORBTEXP_30012026172251_OutcomeofBM30012026merged_Signed.pdf,nan,nan,nan,nan,nan,nan,nan,nan,nan,nan,nan,nan
371_ORBTEXP_30012026172251_OutcomeofBM30012026merged_Signed.pdf,nan,nan,nan,nan,nan,nan,nan,nan,nan,nan,nan,nan
372_ORBTEXP_30012026172236_OutcomeofBM30012026merged_Signed.pdf,nan,nan,nan,nan,nan,nan,nan,nan,nan,nan,nan,nan
372_ORBTEXP_30012026172236_OutcomeofBM30012026merged_Signed.pdf,nan,nan,nan,nan,nan,nan,nan,nan,nan,nan,nan,nan
382_JINDALSTEL_30012026171431_STX300126.pdf,13036.16,11707.82,11777.05,9.53,21.94,26.38,12638.01,10725.55,10577.71,128.02,505.77,737.73
384_lakshmits_30012026171458_OUTCOME_BoardMeeting_30Jan2026.pdf,8008.68,7613.42,6836.6,110.47,122.04,103.62,6273.54,6048.77,5372.02,1327.67,1206.77,1189.32
389_IFBAGRO_30012026170834_Outcome_of_BM.pdf,155783.0,155783.0,155783.0,1934.0,1934.0,1934.0,152178.0,152178.0,152178.0,5657.0,5657.0,5657.0
393_PANKAJCHAWLA_30012026171153_OutcomeofBoardMeeting.pdf,223451.0,166938.0,193981.0,4458.0,3717.0,4673.0,184396.0,134993.0,156279.0,22371.0,39110.0,20737.0
393_PANKAJCHAWLA_30012026171153_OutcomeofBoardMeeting.pdf,nan,nan,nan,nan,nan,nan,nan,nan,nan,nan,nan,nan
393_PANKAJCHAWLA_30012026171153_OutcomeofBoardMeeting.pdf,218788.0,189308.0,189431.0,22.67,20.32,21.31,22.67,20.32,21.31,22.67,20.32,21.31
396_lakshmits_30012026171022_OUTCOME_BoardMeeting_30Jan2026.pdf,8008.68,7613.42,6836.6,110.47,122.04,103.62,6273.54,6048.77,5372.02,1327.67,1206.77,1189.32
398_JINDALSTEL_30012026171011_STX300126.pdf,13036.16,11707.82,11777.05,9.53,21.94,26.38,12638.01,10725.55,10577.71,128.02,505.77,737.73
401_ORBTEXP_30012026170833_OutcomeofBM30012026merged_Signed.pdf,nan,nan,nan,nan,nan,nan,nan,nan,nan,nan,nan,nan
401_ORBTEXP_30012026170833_OutcomeofBM30012026merged_Signed.pdf,nan,nan,nan,nan,nan,nan,nan,nan,nan,nan,nan,nan
402_ARISINFRA2024_30012026170910_Outcome.pdf,2724.83,2424.46,1855.8,16.48,12.56,37.59,2477.44,2239.85,1808.88,182.64,152.21,21.37
404_PANKAJCHAWLA_30012026170636_OutcomeofBoardMeeting.pdf,223451.0,166938.0,193981.0,4458.0,3717.0,4673.0,184396.0,134993.0,156279.0,22371.0,39110.0,20737.0
404_PANKAJCHAWLA_30012026170636_OutcomeofBoardMeeting.pdf,nan,nan,nan,nan,nan,nan,nan,nan,nan,nan,nan,nan
404_PANKAJCHAWLA_30012026170636_OutcomeofBoardMeeting.pdf,218788.0,189308.0,189431.0,22.67,20.32,21.31,22.67,20.32,21.31,22.67,20.32,21.31
412_ORBTEXP_30012026170406_OutcomeofBM30012026merged_Signed.pdf,nan,nan,nan,nan,nan,nan,nan,nan,nan,nan,nan,nan
412_ORBTEXP_30012026170406_OutcomeofBM30012026merged_Signed.pdf,nan,nan,nan,nan,nan,nan,nan,nan,nan,nan,nan,nan
414_lakshmits_30012026170057_OUTCOME_BoardMeeting_30Jan2026.pdf,8008.68,7613.42,6836.6,110.47,122.04,103.62,6273.54,6048.77,5372.02,1327.67,1206.77,1189.32
426_JUPITER2023_30012026165313_Outcome_BM_Q3.pdf,3744.96,4049.02,3400.16,91.29,112.73,72.09,3111.9,3306.8,2732.82,424.98,574.77,522.16
430_FISCHER_30012026165149_Finaltoupload.pdf,217.17,886.15,86.58,85.67,143.46,86.58,367.34,748.33,24.83,6485.15,6485.15,5350.0
431_KEC_30012026165144_ResultsDec25.pdf,6011.58,6096.19,5350.29,10.23,4.63,0.91,5792.87,5883.21,5190.46,143.42,239.68,65.54
431_KEC_30012026165144_ResultsDec25.pdf,-2,38.98,105.72,-2,38.98,105.72,-2,38.98,105.72,-2,38.98,105.72
431_KEC_30012026165144_ResultsDec25.pdf,1.46,3.97,2.74,1.46,3.97,2.74,1.46,3.97,2.74,1.46,3.97,2.74
435_ARISINFRA2024_30012026164810_Outcome.pdf,2724.83,2424.46,1855.8,16.48,12.56,37.59,2477.44,2239.85,1808.88,182.64,152.21,21.37
437_FISCHER_30012026164604_Finaltoupload.pdf,217.17,886.15,86.58,85.67,143.46,86.58,367.34,748.33,24.83,6485.15,6485.15,5350.0
444_AHFL2021_30012026164650_Full_Set_Dec25.pdf,94377.0,89926.0,79764.0,106.0,213.0,3.0,56808.0,55652.0,48996.0,28212.0,26533.0,23934.0
453_ARISINFRA2024_30012026164105_Outcome.pdf,2724.83,2424.46,1855.8,16.48,12.56,37.59,2477.44,2239.85,1808.88,182.64,152.21,21.37
461_MHRIL_30012026163628_SE_Intimation.pdf,5070.2,15476.56,4924.32,1.37,2.83,1.35,1.37,2.83,1.35,1.37,2.83,1.35
461_MHRIL_30012026163628_SE_Intimation.pdf,-3,-3,-3,-3,-3,-3,-3,-3,-3,-3,-3,-3
464_akshatjain_30012026163453_Q3FY26.pdf,46304.77,45262.1,45597.95,459.09,476.28,528.52,39533.23,40218.03,38467.54,5555.84,5242.11,5088.06
464_akshatjain_30012026163453_Q3FY26.pdf,nan,nan,12.21,nan,nan,12.21,nan,nan,12.21,nan,nan,12.21
470_akshatjain_30012026162932_Q3FY26.pdf,46304.77,45262.1,45597.95,459.09,476.28,528.52,39533.23,40218.03,38467.54,5555.84,5242.11,5088.06
470_akshatjain_30012026162932_Q3FY26.pdf,nan,nan,12.21,nan,nan,12.21,nan,nan,12.21,nan,nan,12.21
471_lkwalimbe_bajajauto_co_in_30012026163245_SE_-_Outcome_-_BM_30_Jan_26.pdf,12.0,16640.49,16310.54,-2,436.04,575.8,-2,12907.59,12677.41,1213.0,2556.31,1556.03
479_lkwalimbe_bajajauto_co_in_30012026162829_SE_-_Outcome_-_BM_30_Jan_26.pdf,12.0,16640.49,16310.54,-2,436.04,575.8,-2,12907.59,12677.41,1213.0,2556.31,1556.03
48_ASHOKA_30012026215109_ABL_SFS_CFS_Results_Review_Report_Dec_25_Outcome_Results.pdf,186634.74,190788.13,242636.11,3901.41,5670.11,3847.31,163386.78,162439.83,211979.42,211380.17,nan,9070.64
112_GAEL_30012026200722_Outcome_of_Board_Meeting.pdf,1516.54,1505.87,1139.87,32.37,19.18,8.99,1423.68,1455.08,1042.67,66.68,37.07,71.29
112_GAEL_30012026200722_Outcome_of_Board_Meeting.pdf,1516.56,1505.87,1140.26,nan,nan,nan,nan,nan,nan,66.82,37.13,71.79
112_GAEL_30012026200722_Outcome_of_Board_Meeting.pdf,-3,-3,-3,-3,-3,-3,-3,-3,-3,-3,-3,-3
113_GLENMARK_30012026200549_BSE_NSE_RESULT_30012026.pdf,24689.91,18244.16,23804.69,1090.56,2857.56,1291.89,19453.91,17989.88,18209.79,2840.1,-7538.09,4132.73
113_GLENMARK_30012026200549_BSE_NSE_RESULT_30012026.pdf,-3,-3,-3,-3,-3,-3,-3,-3,-3,-3,-3,-3
371_ORBTEXP_30012026172251_OutcomeofBM30012026merged_Signed.pdf,5529.35,5857.61,5308.8,112.51,476.96,112.22,4629.35,4619.53,4395.42,619.78,901.81,684.46
371_ORBTEXP_30012026172251_OutcomeofBM30012026merged_Signed.pdf,5748.73,6304.28,5509.98,112.51,476.96,112.22,4860.21,5019.34,4636.73,655.03,1052.42,681.45
02_NACL2020_30012026160956_NAC_Q3_2025.pdf,72427.65,62869.6,58070.38,313.5,124.74,462.87,59030.69,50488.35,48621.06,12398.94,12951.66,8218.17
02_NACL2020_30012026160956_NAC_Q3_2025.pdf,nan,nan,nan,313.5,124.74,462.87,nan,nan,nan,nan,nan,nan
02_NACL2020_30012026160956_NAC_Q3_2025.pdf,-2,72114.15,62744.86,nan,nan,nan,nan,nan,nan,nan,nan,nan
109_MSWIL_30012026151038_FINANCIALSDEC.pdf,2888.02,nan,2300.86,0.95,nan,0.58,2688.48,nan,2116.22,152.23,nan,138.93
111_PRACHI_30012026150552_BMOutcome30012026.pdf,1399.81,1413.07,1176.57,24.97,59.34,30.44,1041.21,1072.26,869.18,276.28,268.49,234.32
116_ARCHIDPLY_30012026150513_Outcome.pdf,16828.74,49253.71,15115.27,28.86,96.77,39.64,16446.34,48418.93,15323.92,166.88,490.99,-158.24
117_bharatsahu_30012026150336_SELetter_Outcome.pdf,4925.01,nan,4761.31,194.06,nan,99.09,2793.37,nan,2639.41,1600.46,nan,1560.4
121_ARCHIDPLY_30012026150251_Outcome.pdf,16828.74,49253.71,15115.27,28.86,96.77,39.64,16446.34,48418.93,15323.92,166.88,490.99,-158.24
123_PRACHI_30012026150034_BMOutcome30012026.pdf,1399.81,1413.07,1176.57,24.97,59.34,30.44,1041.21,1072.26,869.18,276.28,268.49,234.32
125_INSECTICID_30012026150327_STXOutcome30012026.pdf,38445.26,nan,35943.63,88.88,nan,20.92,37221.85,nan,33950.04,732.79,nan,1430.1
129_INSECTICID_30012026145853_STXOutcome30012026.pdf,38445.26,nan,35943.63,88.88,nan,20.92,37221.85,nan,33950.04,732.79,nan,1430.1
138_bharatsahu_30012026145306_SELetter_Outcome.pdf,4925.01,nan,4761.31,194.06,nan,99.09,2793.37,nan,2639.41,1600.46,nan,1560.4
145_INSECTICID_30012026145026_STXOutcome30012026.pdf,38445.26,nan,35943.63,88.88,nan,20.92,37221.85,nan,33950.04,732.79,nan,1430.1
149_FIBERWEB_30012026144416_FIL.pdf,2026.01,nan,7484.11,38.23,nan,96.1,nan,nan,nan,nan,nan,nan
02_NACL2020_30012026160956_NAC_Q3_2025.pdf,72427.65,62869.6,58070.38,313.5,124.74,462.87,59030.69,50488.35,48621.06,12398.94,12951.66,8218.17
02_NACL2020_30012026160956_NAC_Q3_2025.pdf,nan,nan,nan,313.5,124.74,462.87,nan,nan,nan,nan,nan,nan
02_NACL2020_30012026160956_NAC_Q3_2025.pdf,-2,72114.15,62744.86,nan,nan,nan,nan,nan,nan,nan,nan,nan
109_MSWIL_30012026151038_FINANCIALSDEC.pdf,2888.02,2762.67,2300.86,0.95,0.81,0.58,2688.48,2541.67,2116.22,152.23,165.67,138.93
111_PRACHI_30012026150552_BMOutcome30012026.pdf,1399.81,1413.07,1176.57,24.97,59.34,30.44,1041.21,1072.26,869.18,276.28,268.49,234.32
116_ARCHIDPLY_30012026150513_Outcome.pdf,16828.74,17602.37,15115.27,28.86,30.66,39.64,16446.34,17274.24,15323.92,166.88,266.97,-158.24
117_bharatsahu_30012026150336_SELetter_Outcome.pdf,4925.01,4443.81,4761.31,194.06,151.47,99.09,2793.37,2548.58,2639.41,1600.46,1444.06,1560.4
121_ARCHIDPLY_30012026150251_Outcome.pdf,16828.74,17602.37,15115.27,28.86,30.66,39.64,16446.34,17274.24,15323.92,166.88,266.97,-158.24
123_PRACHI_30012026150034_BMOutcome30012026.pdf,1399.81,1413.07,1176.57,24.97,59.34,30.44,1041.21,1072.26,869.18,276.28,268.49,234.32
125_INSECTICID_30012026150327_STXOutcome30012026.pdf,38445.26,64392.33,35943.63,88.88,267.44,20.92,37221.85,56973.11,33950.04,732.79,5670.05,1430.1
129_INSECTICID_30012026145853_STXOutcome30012026.pdf,38445.26,64392.33,35943.63,88.88,267.44,20.92,37221.85,56973.11,33950.04,732.79,5670.05,1430.1
138_bharatsahu_30012026145306_SELetter_Outcome.pdf,4925.01,4443.81,4761.31,194.06,151.47,99.09,2793.37,2548.58,2639.41,1600.46,1444.06,1560.4
145_INSECTICID_30012026145026_STXOutcome30012026.pdf,38445.26,64392.33,35943.63,88.88,267.44,20.92,37221.85,56973.11,33950.04,732.79,5670.05,1430.1
149_FIBERWEB_30012026144416_FIL.pdf,2026.01,2518.35,7484.11,38.23,3.0,96.1,nan,nan,nan,nan,nan,nan
156_AMBUJACEM_30012026144049_ACL_Outcome.pdf,nan,nan,nan,nan,nan,nan,nan,nan,nan,nan,nan,nan
159_INSECTICID_30012026143811_STXOutcome30012026.pdf,38445.26,64392.33,35943.63,88.88,267.44,20.92,37221.85,56973.11,33950.04,732.79,5670.05,1430.1
160_AMBUJACEM_30012026143638_ACL_Outcome.pdf,nan,nan,nan,nan,nan,nan,nan,nan,nan,nan,nan,nan
167_MFL_30012026143338_Outcome.pdf,602.68,589.1,649.1,5.56,1.74,3.86,548.08,519.15,495.57,39.11,51.22,103.63
169_NESTLEIND1_30012026143213_BSENSEOutcomeResults30012026signed.pdf,56787.5,56452.5,47841.7,nan,nan,nan,46676.3,46167.3,38619.1,1928.3,1928.3,964.2
172_AMBUJACEM_30012026142919_ACL_Outcome.pdf,nan,nan,nan,nan,nan,nan,nan,nan,nan,nan,nan,nan
173_NESTLEIND1_30012026143006_BSENSEOutcomeResults30012026signed.pdf,56787.5,56452.5,47841.7,nan,nan,nan,46676.3,46167.3,38619.1,1928.3,1928.3,964.2
176_MFL_30012026142637_Outcome.pdf,602.68,589.1,649.1,5.56,1.74,3.86,548.08,519.15,495.57,39.11,51.22,103.63
183_NESTLEIND1_30012026141052_BSENSEOutcomeResults30012026signed.pdf,56787.5,56452.5,47841.7,nan,nan,nan,46676.3,46167.3,38619.1,1928.3,1928.3,964.2
185_PGHH_30012026141813_PGHH_OutcomeofBoardMeeting_30012026.pdf,127431.0,116007.0,125734.0,1241.0,990.0,971.0,87227.0,87829.0,89321.0,30266.0,21403.0,26207.0
187_PGHH_30012026141426_PGHH_OutcomeofBoardMeeting_30012026.pdf,127431.0,116007.0,125734.0,1241.0,990.0,971.0,87227.0,87829.0,89321.0,30266.0,21403.0,26207.0
188_BRIGADE_30012026140728_Results.pdf,162318.0,142986.0,152968.0,4807.0,4649.0,6574.0,133416.0,123406.0,124084.0,20569.0,17035.0,23552.0
188_BRIGADE_30012026140728_Results.pdf,-3,-3,-3,-3,-3,-3,-3,-3,-3,-3,-3,-3
190_PGHH_30012026141329_PGHH_OutcomeofBoardMeeting_30012026.pdf,127431.0,116007.0,125734.0,1241.0,990.0,971.0,87227.0,87829.0,89321.0,30266.0,21403.0,26207.0
197_PGHH_30012026140331_PGHH_OutcomeofBoardMeeting_31012026.pdf,127431.0,116007.0,125734.0,1241.0,990.0,971.0,87227.0,87829.0,89321.0,30266.0,21403.0,26207.0
200_NESTLEIND1_30012026135811_BSENSEOutcomeResults30012026signed.pdf,56787.5,56452.5,47841.7,nan,nan,nan,46676.3,46167.3,38619.1,1928.3,1928.3,964.2
201_NESTLEIND1_30012026140406_BSENSEOutcomeResults30012026signed.pdf,56787.5,56452.5,47841.7,nan,nan,nan,46676.3,46167.3,38619.1,1928.3,1928.3,964.2
205_BARBEQUE_30012026140116_OutcomeOfBM.pdf,3782.78,3128.38,3344.14,17.1,80.81,55.2,3217.6,2670.22,2673.74,-78.31,-245.58,43.57
205_BARBEQUE_30012026140116_OutcomeOfBM.pdf,2898.77,2378.42,2679.06,nan,nan,nan,nan,nan,nan,nan,nan,nan
208_ODIGMA_30012026135838_OdigmaOutcomeofBM30012026.pdf,956.26,1256.69,1016.76,48.3,34.09,3.14,1178.2,1274.65,1001.31,-147.71,12.06,13.91
209_BARBEQUE_30012026135543_OutcomeOfBM.pdf,3782.78,3128.38,3344.14,17.1,80.81,55.2,3217.6,2670.22,2673.74,-78.31,-245.58,43.57
209_BARBEQUE_30012026135543_OutcomeOfBM.pdf,2898.77,2378.42,2679.06,nan,nan,nan,nan,nan,nan,nan,nan,nan
210_SHARDACROP_30012026135748_NSE.pdf,3431.2,3219.03,2760.23,nan,nan,nan,nan,nan,nan,960.61,823.09,841.24
210_SHARDACROP_30012026135748_NSE.pdf,nan,nan,nan,nan,nan,nan,nan,nan,nan,nan,nan,nan
211_ODIGMA_30012026135727_OdigmaOutcomeofBM30012026.pdf,956.26,1256.69,1016.76,48.3,34.09,3.14,1178.2,1274.65,1001.31,-147.71,12.06,13.91
212_EXIDEIND_30012026135710_sdOUTCOMEBMJAN2026.pdf,4215.98,4418.17,4029.41,15.39,53.66,12.69,3922.81,4164.93,3791.49,148.44,-256.87,-601.63
214_WELCORP_30012026135418_FinalOutcomeResult31122025.pdf,nan,nan,nan,nan,nan,nan,nan,nan,nan,nan,nan,nan
215_NESTLEIND1_30012026135218_BSENSEOutcomeResults30012026signed.pdf,56787.5,56452.5,47841.7,nan,nan,nan,46676.3,46167.3,38619.1,1928.3,1928.3,964.2
216_NILASPACES_30012026135111_542231OutcomeBMResults30012026.pdf,5551.16,4673.36,3507.39,331.13,455.01,204.94,4348.22,3899.53,2987.38,816.78,533.06,374.29
217_NESTLEIND1_30012026134958_BSENSEOutcomeResults30012026signed.pdf,56787.5,56452.5,47841.7,nan,nan,nan,46676.3,46167.3,38619.1,1928.3,1928.3,964.2
218_ODIGMA_30012026134914_OdigmaOutcomeofBM30012026.pdf,956.26,1256.69,1016.76,48.3,34.09,3.14,1178.2,1274.65,1001.31,-147.71,12.06,13.91
219_PONNIERODE_30012026134632_PonniSugarsUFR31122025.pdf,15503.0,11471.0,11666.0,368.0,98.0,92.0,14476.0,9917.0,11405.0,61.0,-3122.0,-2833.0
219_PONNIERODE_30012026134632_PonniSugarsUFR31122025.pdf,15503.0,nan,11666.0,nan,nan,nan,nan,nan,nan,nan,nan,nan
220_EXIDEIND_30012026134842_sdOUTCOMEBMJAN2026.pdf,4215.98,4418.17,4029.41,15.39,53.66,12.69,3922.81,4164.93,3791.49,148.44,-256.87,-601.63
222_NILASPACES_30012026134721_542231OutcomeBMResults30012026.pdf,5551.16,4673.36,3507.39,331.13,455.01,204.94,4348.22,3899.53,2987.38,816.78,533.06,374.29
224_NILASPACES_30012026134538_542231OutcomeBMResults30012026.pdf,5551.16,4673.36,3507.39,331.13,455.01,204.94,4348.22,3899.53,2987.38,816.78,533.06,374.29
227_ODIGMA_30012026134225_OdigmaOutcomeofBM30012026.pdf,956.26,1256.69,1016.76,48.3,34.09,3.14,1178.2,1274.65,1001.31,-147.71,12.06,13.91
229_ASAHIINDIA_30012026134156_MR.pdf,118767.0,109386.0,106924.0,1069.0,1143.0,1502.0,104621.0,102703.0,96181.0,10390.0,4753.0,12667.0
229_ASAHIINDIA_30012026134156_MR.pdf,126639.0,116215.0,113870.0,1048.0,1093.0,1440.0,112147.0,109138.0,102962.0,10000.0,5829.0,10265.0
230_EXIDEIND_30012026134154_sdOUTCOMEBMJAN2026.pdf,4215.98,4418.17,4029.41,15.39,53.66,12.69,3922.81,4164.93,3791.49,148.44,-256.87,-601.63
235_yashpakka_30012026133909_BM_Outcome_30012026.pdf,-2,9976.76,7939.11,319.24,306.71,462.4,-2,8908.75,8140.69,754.98,-60.36,876.11
240_AIAENG_30012026133512_Results.pdf,124509.67,105951.02,97350.03,26572.61,9971.76,6551.38,71722.54,69408.6,69933.53,43220.22,28488.57,20197.37
243_ASAHIINDIA_30012026132800_MR.pdf,118767.0,109386.0,106924.0,1069.0,1143.0,1502.0,104621.0,102703.0,96181.0,10390.0,4753.0,12667.0
243_ASAHIINDIA_30012026132800_MR.pdf,126639.0,116215.0,113870.0,1048.0,1093.0,1440.0,112147.0,109138.0,102962.0,10000.0,5829.0,10265.0
244_AIAENG_30012026132841_Results.pdf,124509.67,105951.02,97350.03,26572.61,9971.76,6551.38,71722.54,69408.6,69933.53,43220.22,28488.57,20197.37
245_LALPATHLAB_30012026132710_FINALoutcomeJan2026.pdf,6587.0,7224.0,6005.0,266.0,228.0,313.0,5055.0,5276.0,4569.0,924.0,1470.0,1053.0
248_LALPATHLAB_30012026132516_FINALoutcomeJan2026.pdf,6587.0,7224.0,6005.0,266.0,228.0,313.0,5055.0,5276.0,4569.0,924.0,1470.0,1053.0
259_LALPATHLAB_30012026132227_FINALoutcomeJan2026.pdf,6587.0,7224.0,6005.0,266.0,228.0,313.0,5055.0,5276.0,4569.0,924.0,1470.0,1053.0
261_AIAENG_30012026132021_Results.pdf,124509.67,105951.02,97350.03,26572.61,9971.76,6551.38,71722.54,69408.6,69933.53,43220.22,28488.57,20197.37
262_LALPATHLAB_30012026131922_FINALoutcomeJan2026.pdf,6587.0,7224.0,6005.0,266.0,228.0,313.0,5055.0,5276.0,4569.0,924.0,1470.0,1053.0
267_LALPATHLAB_30012026131630_FINALoutcomeJan2026.pdf,6587.0,7224.0,6005.0,266.0,228.0,313.0,5055.0,5276.0,4569.0,924.0,1470.0,1053.0
276_NIITLTD_30012026131318_NIITQuickResults30012026.pdf,1185.0,1150.57,3484.32,135.55,169.46,580.02,1136.01,976.86,3246.18,25.94,135.84,115.18
278_NIITLTD_30012026130937_NIITQuickResults30012026.pdf,1185.0,1150.57,3484.32,135.55,169.46,580.02,1136.01,976.86,3246.18,25.94,135.84,115.18
310_ARVIND1_30012026124440_Arvindsigned.pdf,2384.65,2386.02,2099.77,12.01,14.88,10.56,2212.49,2237.22,1953.55,94.37,84.89,97.07
310_ARVIND1_30012026124440_Arvindsigned.pdf,nan,nan,nan,nan,nan,nan,nan,nan,nan,nan,nan,nan
311_TNPL_30012026124554_320thBMNewspaper30012026CSDSC.pdf,1121.1,nan,1123.86,nan,nan,nan,nan,nan,nan,6.68,nan,-42.91
316_PSPPROJECT_30012026123227_20260130_Outcome_of_Board_Meeting_75.pdf,81667.15,70697.61,63398.7,387.79,411.06,377.69,79277.58,68458.78,62366.35,1746.63,1610.93,502.93
317_AEGISCHEM_30012026122950_ALL_Outcome_BM_30012026_S.pdf,180610.0,239002.0,176695.0,8070.0,9601.0,5996.0,150672.0,207982.0,156285.0,23320.0,24539.0,15940.0
318_WHEELS_30012026123045_WILReg47January_30_2026.pdf,3431.2,3219.03,2760.23,nan,nan,nan,nan,nan,nan,nan,nan,nan
321_PSPPROJECT_30012026122447_20260130_Outcome_of_Board_Meeting_75.pdf,81667.15,70697.61,63398.7,387.79,411.06,377.69,79277.58,68458.78,62366.35,1746.63,1610.93,502.93
351_HESTERBIO_30012026113700_20260130Q3_9MFY26PressRelease.pdf,nan,nan,nan,nan,nan,nan,nan,nan,nan,nan,nan,nan
365_HESTERBIO_30012026112613_20260130OutcomeofBoardMeeting.pdf,780.84,806.96,710.27,6.69,97.27,78.09,658.75,658.12,586.36,89.05,132.15,110.39
365_HESTERBIO_30012026112613_20260130OutcomeofBoardMeeting.pdf,713.89,660.54,641.29,nan,nan,nan,nan,nan,nan,108.51,71.17,44.33
368_BHAGYANGR_30012026112512_BILBOARDMEETINGOUTCOME30012026.pdf,159.33,324.39,142.5,69.08,79.16,103.7,143.54,152.43,123.79,nan,nan,nan
371_BHAGYANGR_30012026112148_BILBOARDMEETINGOUTCOME30012026.pdf,159.33,324.39,142.5,69.08,79.16,103.7,143.54,152.43,123.79,nan,nan,nan
42_AHFL2021_30012026155143_Full_Set_Dec25.pdf,94377.0,89926.0,79764.0,106.0,213.0,3.0,56808.0,55652.0,48996.0,28212.0,26533.0,23934.0
461_QUICKHEAL_29012026215239_OutcomeBoardMeeting.pdf,80.49,87.9,75.52,8.95,4.38,4.91,74.74,77.62,77.83,7.01,7.71,0.31
469_DIGITIDE_29012026214801_Digitide_Outcome.pdf,7836.94,7683.78,7379.3,33.91,41.89,53.0,7538.21,7428.08,6791.97,111.81,91.96,325.19
471_QUICKHEAL_29012026214427_OutcomeBoardMeeting.pdf,80.49,87.9,75.52,8.95,4.38,4.91,74.74,77.62,77.83,7.01,7.71,0.31
483_PRESTIGE_29012026211812_20260129212027013.pdf,38855.0,26978.0,16979.0,129.0,2661.0,434.0,36299.0,21256.0,16142.0,nan,nan,nan
483_PRESTIGE_29012026211812_20260129212027013.pdf,nan,nan,nan,nan,nan,nan,nan,nan,nan,nan,nan,nan
488_ACME122002_29012026210412_Outcome.pdf,6168.12,6013.66,4008.26,1200.19,1336.18,518.14,523.15,675.38,418.13,1137.95,1122.57,1122.83
50_NAVNETEDUL_30012026154312_NEL-LH-133.pdf,257.0,251.0,284.0,7.0,4.0,2.0,283.0,268.0,285.0,nan,nan,nan
60_NOIDATOLL_30012026153415_Corporateannouncement.pdf,2327.97,1166.59,1029.45,1268.54,114.62,38.22,805.18,782.21,1497.77,1523.01,384.31,-23717.03
62_KAJARIACER_30012026153444_Outcome.pdf,1179.92,1201.48,1165.92,11.66,15.47,10.3,1014.51,1020.23,1049.32,90.73,133.47,79.37
66_KAJARIACER_30012026153300_Outcome.pdf,1179.92,1201.48,1165.92,11.66,15.47,10.3,1014.51,1020.23,1049.32,90.73,133.47,79.37
72_KAJARIACER_30012026153013_Outcome.pdf,1179.92,1201.48,1165.92,11.66,15.47,10.3,1014.51,1020.23,1049.32,90.73,133.47,79.37
73_KAJARIACER_30012026152826_Outcome.pdf,1179.92,1201.48,1165.92,11.66,15.47,10.3,1014.51,1020.23,1049.32,90.73,133.47,79.37
75_KAJARIACER_30012026152639_Outcome.pdf,1179.92,1201.48,1165.92,11.66,15.47,10.3,1014.51,1020.23,1049.32,90.73,133.47,79.37
78_MSWIL_30012026152600_FINANCIALSDEC.pdf,2888.02,2762.67,2300.86,0.95,0.81,0.58,2688.48,2541.67,2116.22,152.23,165.67,138.93
80_KAJARIACER_30012026152339_Outcome.pdf,1179.92,1201.48,1165.92,11.66,15.47,10.3,1014.51,1020.23,1049.32,90.73,133.47,79.37
84_bharatsahu_30012026152132_SELetter_Outcome.pdf,4925.01,4443.81,4761.31,194.06,151.47,99.09,2793.37,2548.58,2639.41,1600.46,1444.06,1560.4
85_WINDMACHIN_30012026152100_Outcome_of_the_Board_Meeting_30012026.pdf,13586.71,13738.26,10850.25,2.58,74.5,84.85,13875.04,13392.56,10452.82,-450.9,439.28,4477.91
89_KAJARIACER_30012026152146_Outcome.pdf,1179.92,1201.48,1165.92,11.66,15.47,10.3,1014.51,1020.23,1049.32,90.73,133.47,79.37
