segment_name,pdf_name
outcome_of_boardmeeting,106_TRANSINDIA_30012026201306_FinalOutcomeSigned.png
outcome_of_boardmeeting,112_GAEL_30012026200722_Outcome_of_Board_Meeting.png
outcome_of_boardmeeting,113_GLENMARK_30012026200549_BSE_NSE_RESULT_30012026.png
outcome_of_boardmeeting,114_TRANSINDIA_30012026200512_FinalOutcomeSigned.png
outcome_of_boardmeeting,117_OMAXE_30012026200417_INTIMATION_BM_UPDATE_ON_TWC_30126sd.png
outcome_of_boardmeeting,119_SAIL_30012026195902_RESULTS.png
outcome_of_boardmeeting,120_TRANSINDIA_30012026195913_FinalOutcomeSigned.png
outcome_of_boardmeeting,121_PRAXIS_30012026195054_Outcome_of_the_Meeting_3001206_Signed.png
outcome_of_boardmeeting,124_TRANSINDIA_30012026194650_FinalOutcomeSigned.png
outcome_of_boardmeeting,133_SAIL_30012026194537_RESULTS.png
outcome_of_boardmeeting,137_GAEL_30012026194159_Outcome_of_Board_Meeting.png
outcome_of_boardmeeting,142_SERVOTECH_30012026193709_NSEfinal__3_.png
outcome_of_boardmeeting,147_SERVOTECH_30012026192923_NSEfinal__3_.png
outcome_of_boardmeeting,154_RPOWER_30012026192642_OutcomeBM30012026FSSMP.png
outcome_of_boardmeeting,158_RPOWER_30012026192205_OutcomeBM30012026FSSMP.png
outcome_of_boardmeeting,188_HIRECT_30012026185343_GCEO_and_ICS_Appointment-FINAL.png
outcome_of_boardmeeting,189_SUBROS_30012026185308_Outcome30012026.png
outcome_of_boardmeeting,190_AWHCLP_30012026184909_AWHCLFinancialResultsQ3FY26.png
outcome_of_boardmeeting,191_HIRECT_30012026185138_GCEO_and_ICS_Appointment-FINAL.png
outcome_of_boardmeeting,192_ASTERDM2_30012026185045_BoD_Outcome.png
outcome_of_boardmeeting,199_MANAKSIA_30012026184712_Outcome30012026.png
outcome_of_boardmeeting,202_SUBROS_30012026184713_Outcome30012026.png
outcome_of_boardmeeting,204_HIRECT_30012026184445_GCEO_and_ICS_Appointment-FINAL.png
outcome_of_boardmeeting,20_Samhi_30012026230105_ResultAdvertisement_Dec25.png
outcome_of_boardmeeting,214_MAITHANALL_30012026184054_BM30012026AOAandRPT.png
outcome_of_boardmeeting,216_BLUEDART_30012026183917_UFR-31Dec2025.png
outcome_of_boardmeeting,217_ASTERDM2_30012026183901_BoD_Outcome.png
outcome_of_boardmeeting,218_CONTROLPR_30012026183909_Intimation_Newspaper_sd.png
outcome_of_boardmeeting,220_TRIVENI_30012026183817_TEIL_OUTCOME_BM_DEC25.png
outcome_of_boardmeeting,221_SUBROS_30012026183625_Outcome30012026.png
outcome_of_boardmeeting,230_NIACL_30012026183059_AccountsQ3FY26.png
outcome_of_boardmeeting,231_MAITHANALL_30012026183320_BM30012026AOAandRPT.png
outcome_of_boardmeeting,232_TRIVENI_30012026183329_TEIL_OUTCOME_BM_DEC25.png
outcome_of_boardmeeting,240_Verandaipo_30012026183153_EARNINGSINTIMATION.png
outcome_of_boardmeeting,242_ASTERDM2_30012026183137_BoD_Outcome.png
outcome_of_boardmeeting,243_MANAKSIA_30012026183154_Outcome30012026.png
outcome_of_boardmeeting,246_Quesscorp_30012026183011_SEIntimation_TDSCommunication_signed.png
outcome_of_boardmeeting,253_NIACL_30012026182604_AccountsQ3FY26.png
outcome_of_boardmeeting,270_TFCILTD_30012026180938_TFCIBMOutcome3012026Signed.png
outcome_of_boardmeeting,272_MEDPLUS_30012026180954_BMOutcome.png
outcome_of_boardmeeting,279_RAHULBS35_30012026181148_IntimationForResultRelease.png
outcome_of_boardmeeting,283_BLUEDART_30012026180452_UFR-31Dec2025.png
outcome_of_boardmeeting,29_POWERGRID1_30012026224637_Dividend.png
outcome_of_boardmeeting,300_CCCL_30012026180151_CCCLOUTCOM_O_BOAR_MEETING30012026.png
outcome_of_boardmeeting,302_ASTEC_30012026180311_BSENSEBMOUTCOME30012026.png
outcome_of_boardmeeting,303_ASTEC_30012026180330_BSENSEBMOUTCOME30012026.png
outcome_of_boardmeeting,304_TRIVENI_30012026180241_TEIL_OUTCOME_BM_DEC25.png
outcome_of_boardmeeting,306_TFCILTD_30012026175815_TFCIBMOutcome3012026Signed.png
outcome_of_boardmeeting,307_RAVIDAMLE_30012026175929_KCLOutcomeoftheBM31012026.png
outcome_of_boardmeeting,311_TRIVENI_30012026175727_TEIL_OUTCOME_BM_DEC25.png
outcome_of_boardmeeting,313_TATAINVEST_30012026175510_TICL_Quick_results_30012026.png
outcome_of_boardmeeting,314_lakshmits_30012026175826_OUTCOME.png
outcome_of_boardmeeting,317_KMEW_30012026175706_BM_Outcome-30012026.png
outcome_of_boardmeeting,318_RAHULBS35_30012026175628_IntimationForOutcomeOfBM.png
outcome_of_boardmeeting,326_RAHULBS35_30012026175155_IntimationForOutcomeOfBM.png
outcome_of_boardmeeting,331_ASTEC_30012026174919_BSENSEBMOUTCOME30012026.png
outcome_of_boardmeeting,336_ASTEC_30012026174532_BSENSEBMOUTCOME30012026.png
outcome_of_boardmeeting,342_MEESHO_30012026174011_MLOutcomeofBM30Jan2026.png
outcome_of_boardmeeting,345_RAHULBS35_30012026174021_IntimationForOutcomeOfBM.png
outcome_of_boardmeeting,349_SCODA_30012026173538_Outcome__1_.png
outcome_of_boardmeeting,351_MAITHANALL_30012026173237_Q3UFR.png
outcome_of_boardmeeting,352_MEESHO_30012026173517_MLOutcomeofBM30Jan2026.png
outcome_of_boardmeeting,359_RAHULBS35_30012026172842_IntimationForOutcomeOfBM.png
outcome_of_boardmeeting,361_RAVIDAMLE_30012026172420_KCLResults31122025.png
outcome_of_boardmeeting,371_ORBTEXP_30012026172251_OutcomeofBM30012026merged_Signed.png
outcome_of_boardmeeting,372_ORBTEXP_30012026172236_OutcomeofBM30012026merged_Signed.png
outcome_of_boardmeeting,382_JINDALSTEL_30012026171431_STX300126.png
outcome_of_boardmeeting,384_lakshmits_30012026171458_OUTCOME_BoardMeeting_30Jan2026.png
outcome_of_boardmeeting,389_IFBAGRO_30012026170834_Outcome_of_BM.png
outcome_of_boardmeeting,390_NTPC2_30012026171234_20260130_STEX_CHANGEINMANAGMENTPTCINDIA.png
outcome_of_boardmeeting,393_PANKAJCHAWLA_30012026171153_OutcomeofBoardMeeting.png
outcome_of_boardmeeting,396_lakshmits_30012026171022_OUTCOME_BoardMeeting_30Jan2026.png
outcome_of_boardmeeting,398_JINDALSTEL_30012026171011_STX300126.png
outcome_of_boardmeeting,401_ORBTEXP_30012026170833_OutcomeofBM30012026merged_Signed.png
outcome_of_boardmeeting,402_ARISINFRA2024_30012026170910_Outcome.png
outcome_of_boardmeeting,404_PANKAJCHAWLA_30012026170636_OutcomeofBoardMeeting.png
outcome_of_boardmeeting,406_STEELCAS_30012026170654_MergedQ3FY26Outcome.png
outcome_of_boardmeeting,412_ORBTEXP_30012026170406_OutcomeofBM30012026merged_Signed.png
outcome_of_boardmeeting,413_AGRITECH_30012026165740_Q3FY26_FR_ATL_SIGN_FINAL.png
outcome_of_boardmeeting,414_lakshmits_30012026170057_OUTCOME_BoardMeeting_30Jan2026.png
outcome_of_boardmeeting,417_BANKBARODA_30012026170024_SEOUTCOMEfund.png
outcome_of_boardmeeting,420_QUICKHEAL_30012026165839_PromoterReclassificationOutcome.png
outcome_of_boardmeeting,425_POONAWALLA_27012026174419_PFLNSEClarification27012026.png
outcome_of_boardmeeting,426_JUPITER2023_30012026165313_Outcome_BM_Q3.png
outcome_of_boardmeeting,430_FISCHER_30012026165149_Finaltoupload.png
outcome_of_boardmeeting,431_KEC_30012026165144_ResultsDec25.png
outcome_of_boardmeeting,435_ARISINFRA2024_30012026164810_Outcome.png
outcome_of_boardmeeting,437_FISCHER_30012026164604_Finaltoupload.png
outcome_of_boardmeeting,442_STEELCAS_30012026164838_MergedQ3FY26Outcome.png
outcome_of_boardmeeting,444_AHFL2021_30012026164650_Full_Set_Dec25.png
outcome_of_boardmeeting,449_Cslogin_29012026161958_Clarification_Letter.png
outcome_of_boardmeeting,452_ELLENBARRIE2024_30012026164153_Announcement_Earnings_Conference_Call_03022026.png
outcome_of_boardmeeting,453_ARISINFRA2024_30012026164105_Outcome.png
outcome_of_boardmeeting,454_STEELCAS_30012026164106_MergedQ3FY26Outcome.png
outcome_of_boardmeeting,461_MHRIL_30012026163628_SE_Intimation.png
outcome_of_boardmeeting,463_RELAXO_30012026163533_Signed_Letter_-_Results.png
outcome_of_boardmeeting,464_akshatjain_30012026163453_Q3FY26.png
outcome_of_boardmeeting,470_akshatjain_30012026162932_Q3FY26.png
outcome_of_boardmeeting,471_lkwalimbe_bajajauto_co_in_30012026163245_SE_-_Outcome_-_BM_30_Jan_26.png
outcome_of_boardmeeting,472_MIRCELECTR_30012026163143_MIRC.png
outcome_of_boardmeeting,479_lkwalimbe_bajajauto_co_in_30012026162829_SE_-_Outcome_-_BM_30_Jan_26.png
outcome_of_boardmeeting,485_MEDIASSIST_30012026162547_MAHSBMIntimationFeb2026.png
outcome_of_boardmeeting,487_INTELLECT_30012026162240_Outcome_of_Q3FY26Final.png
outcome_of_boardmeeting,488_INTELLECT_30012026161949_Outcome_of_Q3FY26Final.png
outcome_of_boardmeeting,48_ASHOKA_30012026215109_ABL_SFS_CFS_Results_Review_Report_Dec_25_Outcome_Results.png
outcome_of_boardmeeting,491_esfb_30012026161655_SEIntimation_Outcome.png
outcome_of_boardmeeting,492_INTELLECT_30012026161642_Outcome_of_Q3FY26Final.png
outcome_of_boardmeeting,52_ASHOKA_30012026214807_ABL_SFS_CFS_Results_Review_Report_Dec_25_Outcome_Results.png
outcome_of_boardmeeting,54_POWERGRID1_30012026214250_BSENSEOutcome.png
outcome_of_boardmeeting,63_LICHSGFIN_30012026212842_Outcome_of_Board_Meeting_and_Quick_result_Q3_converted.png